sourceKey,vertical,externalId,title,slug,category,shortTagline,description,priceMin,priceMax,currency,showPrice,timeline,materials,dimensions,status,featured,images,imageAlts,fields,seoTitle,seoDescription,url,firstSeen,lastSeen,contentHash
3dzone,3dprint,11963,Toolstar- Straight Blunt Esd Tweezer &#8211; TS-2A-SA-ESD,toolstar-straight-blunt-esd-tweezer-8211-ts-2a-sa-esd,Tweezer,,3-5 days to ship,499,499,INR,TRUE,,,,out_of_stock,,https://3dzone.in/wp-content/uploads/2022/12/dsc07423.jpg,,"{""tags"":[],""attributes"":{},""categories"":[""Tweezer"",""3D Printer hardware"",""Mechanical""]}",,,https://3dzone.in/toolstar-straight-blunt-esd-tweezer-ts-2a-sa-esd/,2026-07-08T05:50:33.526Z,2026-07-08T05:50:33.526Z,60d4040d4a762c13
3dzone,3dprint,11960,Toolstar &#8211; Straight Sharp Esd Tweezer &#8211; TS-3C-SA-ESD,toolstar-8211-straight-sharp-esd-tweezer-8211-ts-3c-sa-esd,3D Printer hardware,,3-5 days to ship,499,499,INR,TRUE,,,,out_of_stock,,https://3dzone.in/wp-content/uploads/2022/12/dsc07435.jpg,,"{""tags"":[],""attributes"":{},""categories"":[""3D Printer hardware"",""Mechanical"",""Tweezer""]}",,,https://3dzone.in/toolstar-straight-sharp-esd-tweezer-ts-3c-sa-esd/,2026-07-08T05:50:33.526Z,2026-07-08T05:50:33.526Z,a11f43f391b9eab4
3dzone,3dprint,11957,Toolstar &#8211; Set of 10 Assorted Tweezers For Electronics &#8211; TS-10Pcs,toolstar-8211-set-of-10-assorted-tweezers-for-electronics-8211-ts-10pcs,3D Printer hardware,,3-5 days to ship,2199,2199,INR,TRUE,,,,out_of_stock,,https://3dzone.in/wp-content/uploads/2022/12/ts_10pcs.jpg,,"{""tags"":[],""attributes"":{},""categories"":[""3D Printer hardware"",""Mechanical"",""Tweezer""]}",,,https://3dzone.in/toolstar-set-of-10-assorted-tweezers-for-electronics-ts-10pcs/,2026-07-08T05:50:33.526Z,2026-07-08T05:50:33.526Z,b8aa40e32defb29d
3dzone,3dprint,11954,Toolstar &#8211; Set of 5 Assorted Tweezers &#8211; TS-5Pcs,toolstar-8211-set-of-5-assorted-tweezers-8211-ts-5pcs,3D Printer hardware,,3-5 days to ship,1099,1099,INR,TRUE,,,,out_of_stock,,https://3dzone.in/wp-content/uploads/2022/12/5555.jpg,,"{""tags"":[],""attributes"":{},""categories"":[""3D Printer hardware"",""Tweezer""]}",,,https://3dzone.in/toolstar-set-of-5-assorted-tweezers-ts-5pcs/,2026-07-08T05:50:33.526Z,2026-07-08T05:50:33.526Z,2fb45cd411c2ee8f
3dzone,3dprint,11951,Jetech &#8211; Hex Key Set &#8211; KW-9,jetech-8211-hex-key-set-8211-kw-9,Ball point Hex Key,,3-5 days to ship,2199,2199,INR,TRUE,,,,out_of_stock,,https://3dzone.in/wp-content/uploads/2022/12/kw-9.jpg,,"{""tags"":[],""attributes"":{},""categories"":[""Ball point Hex Key"",""3D Printer hardware""]}",,,https://3dzone.in/jetech-hex-key-set-kw-9/,2026-07-08T05:50:33.526Z,2026-07-08T05:50:33.526Z,d929cc8739382425
3dzone,3dprint,11948,Jetech &#8211; Ball Point 9Pcs Set Plated &#8211; BS-C9,jetech-8211-ball-point-9pcs-set-plated-8211-bs-c9,Ball point Hex Key,,3-5 days to ship,1899,1899,INR,TRUE,,,,out_of_stock,,https://3dzone.in/wp-content/uploads/2022/12/bs-c9.jpg,,"{""tags"":[],""attributes"":{},""categories"":[""Ball point Hex Key"",""3D Printer hardware""]}",,,https://3dzone.in/jetech-ball-point-9pcs-set-plated-bs-c9/,2026-07-08T05:50:33.526Z,2026-07-08T05:50:33.526Z,9eaade515b627680
3dzone,3dprint,11326,M3 T-Nut,m3-t-nut,Fastners,,,0,0,INR,TRUE,,,,out_of_stock,,https://3dzone.in/wp-content/uploads/2022/11/t-nuts-t-nut-m5-100pcs-for-3030-profil.jpg | https://3dzone.in/wp-content/uploads/2022/11/t-nuts-t-nut-m5-100pcs-for-3030-profil-1.jpg,|,"{""tags"":[],""attributes"":{},""categories"":[""Fastners"",""Hardware"",""Mechanical""]}",,,https://3dzone.in/m3-t-nut/,2026-07-08T05:50:33.526Z,2026-07-08T05:50:33.526Z,94a8b97bd8467795
3dzone,3dprint,11322,M5 T-Nut,m5-t-nut,Fastners,,,0,0,INR,TRUE,,,,out_of_stock,,https://3dzone.in/wp-content/uploads/2022/11/t-nuts-t-nut-m5-100pcs-for-3030-profil.jpg | https://3dzone.in/wp-content/uploads/2022/11/t-nuts-t-nut-m5-100pcs-for-3030-profil-1.jpg,|,"{""tags"":[],""attributes"":{},""categories"":[""Fastners"",""Hardware"",""Mechanical""]}",,,https://3dzone.in/m5-t-nut/,2026-07-08T05:50:33.526Z,2026-07-08T05:50:33.526Z,ece79f10292a14fb
3dzone,3dprint,11226,M3 x 20mm Button Head Socket Screws,m3-x-20mm-button-head-socket-screws,Fastners,,,0,0,INR,TRUE,,,,out_of_stock,,https://3dzone.in/wp-content/uploads/2022/11/button-head-screws-m3x20mm_hu685af8a50e23c2707640b5d210dbc4a7_40899_600x600_resize_q50_h2_box.webp,,"{""tags"":[],""attributes"":{},""categories"":[""Fastners"",""Mechanical""]}",,,https://3dzone.in/m3-x-20mm-button-head-socket-screws/,2026-07-08T05:50:33.526Z,2026-07-08T05:50:33.526Z,306e6bbe67c467ea
3dzone,3dprint,11217,M3 x 16 mm  Socket Head Cap Screw,m3-x-16-mm-socket-head-cap-screw,Fastners,,3-5 days to ship Pack of 10,99,99,INR,TRUE,,,,out_of_stock,,https://3dzone.in/wp-content/uploads/2022/11/91290a120_47d2ec66-5334-4b37-af6a-468cfea291d2@2x_637871735141081480.png,,"{""tags"":[],""attributes"":{},""categories"":[""Fastners"",""Mechanical""]}",,,https://3dzone.in/m3-x-16-mm-socket-head-cap-screw/,2026-07-08T05:50:33.526Z,2026-07-08T05:50:33.526Z,74ddc7f1427f96e9
3dzone,3dprint,11110,M3 x 12 mm Socket Head Cap Screw,m3-x-12-mm-socket-head-cap-screw,Fastners,,3-5 days to ship Pack of 10,99,99,INR,TRUE,,,,out_of_stock,,https://3dzone.in/wp-content/uploads/2022/11/91290a117_181c6d44-7b17-4d44-abc5-663ac5ff0c10@2x_637871731715922724.png,,"{""tags"":[],""attributes"":{},""categories"":[""Fastners"",""Mechanical""]}",,,https://3dzone.in/m3-x-12-mm-socket-head-cap-screw/,2026-07-08T05:50:33.526Z,2026-07-08T05:50:33.526Z,a616662c22ca30d0
3dzone,3dprint,11099,M3 x 6 mm Button Head Cap Screw,m3-x-6-mm-button-head-cap-screw,Mechanical,,3-5 days to ship Pack of 10,199,199,INR,TRUE,,,,out_of_stock,,https://3dzone.in/wp-content/uploads/2022/11/91239A111p1-b01-digitall@2x_636954450721954206.png,M3*6mm,"{""tags"":[],""attributes"":{},""categories"":[""Mechanical"",""Fastners""]}",,,https://3dzone.in/m3-x-6-mm-button-head-cap-screw/,2026-07-08T05:50:33.526Z,2026-07-08T05:50:33.526Z,efea76d847823c1e
3dzone,3dprint,8177,BASF Ultrafuse TPS 90A 1.75mm 750g,basf-ultrafuse-tps-90a-1-75mm-750g,Ultrafuse TPS 90A,,BASF Ultrafuse TPS 90A is an elastomer based on the raw material SEBS.,5499,5499,INR,TRUE,,,,out_of_stock,,https://3dzone.in/wp-content/uploads/2022/07/TPS90A-white-1200x801-1.png,BASF Ultrafuse TPS 90A,"{""tags"":[],""attributes"":{},""categories"":[""Ultrafuse TPS 90A"",""Flexible Filaments"",""Ultrafuse Filaments""]}",,,https://3dzone.in/basf-ultrafuse-tps-90a-1-75mm-750g/,2026-07-08T05:50:33.526Z,2026-07-08T05:50:33.526Z,6db1232da2cda79f
3dzone,3dprint,8180,BASF Ultrafuse TPS 90A 2.85mm 750g,basf-ultrafuse-tps-90a-2-85mm-750g,Ultrafuse TPS 90A,,BASF Ultrafuse TPS 90A is an elastomer based on the raw material SEBS.,5499,5499,INR,TRUE,,,,out_of_stock,,https://3dzone.in/wp-content/uploads/2022/07/TPS90A-white-1200x801-1.png,BASF Ultrafuse TPS 90A,"{""tags"":[],""attributes"":{},""categories"":[""Ultrafuse TPS 90A"",""Flexible Filaments"",""Ultrafuse Filaments""]}",,,https://3dzone.in/basf-ultrafuse-tps-90a-2-85mm-750g/,2026-07-08T05:50:33.526Z,2026-07-08T05:50:33.526Z,119e5993e6271683
3dzone,3dprint,8173,BASF Ultrafuse TPU 95A 2.85mm 750g,basf-ultrafuse-tpu-95a-2-85mm-750g,Ultrafuse TPU 95A,,BASF Ultrafuse TPU 95A has been developed specifically to enable fast and easy printing with a flexible filament for Fused Filament Fabrication.,3599,3599,INR,TRUE,,,,out_of_stock,,https://3dzone.in/wp-content/uploads/2022/07/TPU95A-black.png,BASF ultrafuse TPU 95A,"{""tags"":[],""attributes"":{},""categories"":[""Ultrafuse TPU 95A"",""Flexible Filaments"",""Ultrafuse Filaments""]}",,,https://3dzone.in/basf-ultrafuse-tpu-95a-2-85mm-750g/,2026-07-08T05:50:33.526Z,2026-07-08T05:50:33.526Z,7d4e96aee299e268
3dzone,3dprint,8170,BASF Ultrafuse TPU 95A 1.75mm 750g,basf-ultrafuse-tpu-95a-1-75mm-750g,Ultrafuse TPU 95A,,BASF Ultrafuse TPU 95A has been developed specifically to enable fast and easy printing with a flexible filament for Fused Filament Fabrication.,5499,5499,INR,TRUE,,,,out_of_stock,,https://3dzone.in/wp-content/uploads/2022/07/TPU95A-black.png,BASF ultrafuse TPU 95A,"{""tags"":[],""attributes"":{},""categories"":[""Ultrafuse TPU 95A"",""Flexible Filaments"",""Ultrafuse Filaments""]}",,,https://3dzone.in/basf-ultrafuse-tpu-95a-1-75mm-750g/,2026-07-08T05:50:33.526Z,2026-07-08T05:50:33.526Z,6a0b9ce0d98cf770
3dzone,3dprint,13716,Fibreel fab ABS Filament 1.75mm 1KG,fibreel-fab-abs-filament-1-75mm-1kg,Fibreel fab ABS,,"ABS (Acrylonitrile Butadiene Styrene) is low-cost and great for printing durable parts that need to withstand high temperatures. ABS is also popular due its good mechanical properties. It is known for its toughness and impact resistance, allowing one to print durable parts that can withstand extra wear and tear. ABS also has a higher glass transition temperature; hence the material can tolerate much higher temperatures before it begins to deform.",885,885,INR,TRUE,,,,active,,https://3dzone.in/wp-content/uploads/2025/07/Grey_Premium_fab_PLA50.jpg.webp,,"{""tags"":[],""attributes"":{""Color"":[""Black"",""Blue"",""Grey"",""Red"",""White""]},""categories"":[""Fibreel fab ABS"",""Fibreel Filaments""]}",,,https://3dzone.in/fibreel-fab-abs/,2026-07-08T05:50:33.526Z,2026-07-08T05:50:33.526Z,3269b58a8a7b6a1f
3dzone,3dprint,13659,Fibreel fab PLA Solid Filament 1.75mm 1KG,fibreel-fab-pla-solid-filament-1-75mm-1kg,Fibreel Filaments,,"fab PLA (Polylactic Acid) is the filament of choice for most extrusion-based 3D printers because it allows printing at low temperatures and does not need a heated bed. Created from natural sources like corn and sugarcane, PLA is renewable, biodegradable and allows the plastic to give off a sweet aroma during printing.",765,765,INR,TRUE,,,,active,,https://3dzone.in/wp-content/uploads/2025/07/6_Pal-Yellow-Post-No.-5-scaled.jpg | https://3dzone.in/wp-content/uploads/2025/07/Red_Premium_fab_PLA40.jpg.webp | https://3dzone.in/wp-content/uploads/2025/07/Red_Premium_fab_PLA39.jpg.webp | https://3dzone.in/wp-content/uploads/2025/07/Black_Premium_fab_PLA63.jpg.webp | https://3dzone.in/wp-content/uploads/2025/07/Grey_Premium_fab_PLA50.jpg.webp | https://3dzone.in/wp-content/uploads/2025/07/Pearl_White_Premium_fab_PLA18.jpg.webp | https://3dzone.in/wp-content/uploads/2025/07/Black_Premium_fab_PLA61.jpg.webp | https://3dzone.in/wp-content/uploads/2025/07/White_Premium_fab_PLA2.jpg.webp | https://3dzone.in/wp-content/uploads/2025/07/Orange_Premium_fab_PLA29.jpg.webp,|  |  |  |  |  |  |  |,"{""tags"":[""pla""],""attributes"":{""Color"":[""Army Light Green"",""Black"",""Blue"",""Dark Green"",""Grey"",""Orange"",""Purple"",""Red"",""White"",""Yellow""]},""categories"":[""Fibreel Filaments"",""Fibreel PLA Solid""]}",,,https://3dzone.in/fibreel-fab-pla-solid-filament-1-75mm-1kg/,2026-07-08T05:50:33.526Z,2026-07-08T05:50:33.526Z,87a9f2ea7998bce5
3dzone,3dprint,13265,Mosquito Silicone Boot,mosquito-silicone-boot,3D Printer hardware,,The Mosquito Silicone Boot is: Made from platinum cured silicone for higher temperature resistance Thickly molded with internal air cavities to ensure optimal thermal insulation and tear resistance Rated to 300 °C printing temperatures Spring loaded to keep the boot hooked onto the hot block at all times Endowed with easy to use finger grips to aid in installation and removal Coated with a clear coating for maximum plastic repellent power,1999,1999,INR,TRUE,,,,active,,https://3dzone.in/wp-content/uploads/2024/04/Screenshot-2024-04-25-at-9.03.00 PM.png | https://3dzone.in/wp-content/uploads/2024/04/Mosquito-Silicone-Boot1.png | https://3dzone.in/wp-content/uploads/2024/04/Mosquito-Silicone-Boot3.png,|  |,"{""tags"":[],""attributes"":{},""categories"":[""3D Printer hardware""]}",,,https://3dzone.in/mosquito-silicone-boot/,2026-07-08T05:50:33.526Z,2026-07-08T05:50:33.526Z,dd52699355f069fc
3dzone,3dprint,12561,Glow in the Dark Radium Moons and Stars: Add a Celestial Touch to Your Space,glow-in-the-dark-radium-moons-and-stars-add-a-celestial-touch-to-your-space,3D Printed products,,"Create a magical starry sky in your own room with our Glow in the Dark Radium Moons and Stars. Made with high-quality radium material, these easy-to-install pieces add a touch of celestial wonder to any space. Safe for children and perfect for themed parties or events, our moons and stars are a unique and fun addition to your decor.",0,0,INR,TRUE,,,,out_of_stock,,,,"{""tags"":[],""attributes"":{},""categories"":[""3D Printed products"",""Children Bedroom"",""Home Decor""]}",,,https://3dzone.in/glow-in-the-dark-radium-moons-and-stars-add-a-celestial-touch-to-your-space/,2026-07-08T05:50:33.526Z,2026-07-08T05:50:33.526Z,7b1c11fda8d3f594
3dzone,3dprint,12266,"Buy Custom 3D Printed Photo, Photo Gift, 3D Photo, Lithophane, Valentine&#8217;s Day Gifts (Large &#8211; 140mmX 120mm )",buy-custom-3d-printed-photo-photo-gift-3d-photo-lithophane-valentine-8217-s-day-,Lithophane,,"Upload a custom 3D printed photo and get it in the form of lithophane. We offer lithophanes in different sizes. Delivery can be expected within 4–7 days. If you&#8217;re looking for a unique and personalized gift, consider a custom 3D printed lithophane. This beautiful piece of art is perfect for any occasion, such as birthdays, anniversaries, Mother&#8217;s Day, Father&#8217;s Day, Christmas, and Valentine&#8217;s Day. It&#8217;s also great for pet lovers, photographers, and as a way to display baby photos.",799,799,INR,TRUE,,,,out_of_stock,,https://3dzone.in/wp-content/uploads/2022/12/7.png | https://3dzone.in/wp-content/uploads/2022/12/8.png | https://3dzone.in/wp-content/uploads/2022/12/size-compare-2.png,Custom 3D Printed Photo |  |,"{""tags"":[],""attributes"":{},""categories"":[""Lithophane"",""3D Printed products"",""Personalized 3D Moon Photo""]}",,,https://3dzone.in/custom-3d-printed-photo/,2026-07-08T05:50:33.526Z,2026-07-08T05:50:33.526Z,785a0351c1c0f8c0
3dzone,3dprint,11966,Knipex 97 51 10 Crimping Pliers for Western plugs with multi-component grips burnished 190 mm,knipex-97-51-10-crimping-pliers-for-western-plugs-with-multi-component-grips-bur,Crimping Tools,,3-5 days to ship,11099,11099,INR,TRUE,,,,out_of_stock,,https://3dzone.in/wp-content/uploads/2022/12/41lrtknpmcl-1.jpg,,"{""tags"":[],""attributes"":{},""categories"":[""Crimping Tools"",""3D Printer hardware"",""Mechanical""]}",,,https://3dzone.in/knipex-97-51-10-crimping-pliers-for-western-plugs-with-multi-component-grips-burnished-190-mm/,2026-07-08T05:50:33.526Z,2026-07-08T05:50:33.526Z,510713b9363247e9
3dzone,3dprint,12151,"Buy Personalised gifts 3D Photo, Lithophane (Medium &#8211; 110mm X 95mm )",buy-personalised-gifts-3d-photo-lithophane-medium-8211-110mm-x-95mm,Personalized 3D Moon Photo,,"Personalised gifts for your loved ones. Gift this lithophane and put a smile on thier face. It can used as many purposes like night lamp, 3d light up photo, photo cube, 3d moon photo etc. contact us for more customs.",499,499,INR,TRUE,,,,out_of_stock,,https://3dzone.in/wp-content/uploads/2022/12/lithophane-medium-01.png | https://3dzone.in/wp-content/uploads/2022/12/lithphane-medium-02.png | https://3dzone.in/wp-content/uploads/2022/12/size-compare-2.png,"Personalised gifts, 3D Photo, Lithophane | Personalized 3D Moon Photo for Him |","{""tags"":[],""attributes"":{},""categories"":[""Personalized 3D Moon Photo"",""3D Printed products""]}",,,https://3dzone.in/personalised-gifts-3d-photo-lithophane/,2026-07-08T05:50:33.526Z,2026-07-08T05:50:33.526Z,529187f883a1a46e
3dzone,3dprint,12118,Lithophane &#8211; Custom 3D Printed Photo (Small &#8211; 85mm X 70mm ),lithophane-8211-custom-3d-printed-photo-small-8211-85mm-x-70mm,Personalized 3D Moon Photo,,Upload a portrait photo and get your lithophane now. We offer lithophanes in different sizes. Delivery can be expected within 4-7 days. Gift your loved ones today.,299,299,INR,TRUE,,,,out_of_stock,,https://3dzone.in/wp-content/uploads/2022/12/Final-dhoni-litho.png | https://3dzone.in/wp-content/uploads/2022/12/3d-moon-black.png | https://3dzone.in/wp-content/uploads/2022/12/3d-moon-sun.png | https://3dzone.in/wp-content/uploads/2022/12/size-compare-2.png,Lithophane | 3d Moon Photo | 3d Moon Photo in sun |,"{""tags"":[],""attributes"":{},""categories"":[""Personalized 3D Moon Photo"",""3D Printed products""]}",,,https://3dzone.in/lithophane-custom-3d-printed-photo/,2026-07-08T05:50:33.526Z,2026-07-08T05:50:33.526Z,2af699f517b89023
3dzone,3dprint,12099,M3 x 16mm  Flat Head Cap Screw,m3-x-16mm-flat-head-cap-screw,Fastners,,3-5 days to ship Pack of 10,299,299,INR,TRUE,,,,out_of_stock,,https://3dzone.in/wp-content/uploads/2022/11/s-l500-1.jpg,,"{""tags"":[],""attributes"":{},""categories"":[""Fastners"",""Mechanical""]}",,,https://3dzone.in/m3-x-16mm-flat-head-cap-screw/,2026-07-08T05:50:33.526Z,2026-07-08T05:50:33.526Z,faf8dc1c5213380a
3dzone,3dprint,12002,Kristeel &#8211; Vernier Caliper Digital 6&#8243; With Calibration Certificate &#8211; 2916,kristeel-8211-vernier-caliper-digital-6-8243-with-calibration-certificate-8211-2,Digital Caliper,,3-5 days to ship,12199,12199,INR,TRUE,,,,out_of_stock,,https://3dzone.in/wp-content/uploads/2022/12/digital-vc.jpg,,"{""tags"":[],""attributes"":{},""categories"":[""Digital Caliper"",""3D Printer hardware"",""Mechanical""]}",,,https://3dzone.in/kristeel-vernier-caliper-digital-6-with-calibration-certificate-2916/,2026-07-08T05:50:33.526Z,2026-07-08T05:50:33.526Z,8bff2e450dc5f035
3dzone,3dprint,11999,Kristeel &#8211; Vernier Caliper Digital 8&#8243; With Calibration Certificate &#8211; 2917,kristeel-8211-vernier-caliper-digital-8-8243-with-calibration-certificate-8211-2,Digital Caliper,,3-5 days to ship,16099,16099,INR,TRUE,,,,out_of_stock,,https://3dzone.in/wp-content/uploads/2022/12/digital-vc_1.jpg,,"{""tags"":[],""attributes"":{},""categories"":[""Digital Caliper"",""3D Printer hardware"",""Mechanical""]}",,,https://3dzone.in/kristeel-vernier-caliper-digital-8-with-calibration-certificate-2917/,2026-07-08T05:50:33.526Z,2026-07-08T05:50:33.526Z,d2c0dac0d874e27a
3dzone,3dprint,11996,WERKA 210-0108 Precision vernier caliper 200mm / 8&#8243;,werka-210-0108-precision-vernier-caliper-200mm-8-8243,Digital Caliper,,3-5 days to ship,6499,6499,INR,TRUE,,,,out_of_stock,,https://3dzone.in/wp-content/uploads/2022/12/210-0108.png,,"{""tags"":[],""attributes"":{},""categories"":[""Digital Caliper"",""3D Printer hardware"",""Mechanical""]}",,,https://3dzone.in/werka-210-0108-precision-vernier-caliper-200mm-8/,2026-07-08T05:50:33.526Z,2026-07-08T05:50:33.526Z,b552d4a7dbe65f3f
3dzone,3dprint,11993,WERKA 210-9071 Digital Vernier Caliper 200mm / 8&#8243;,werka-210-9071-digital-vernier-caliper-200mm-8-8243,Digital Caliper,,3-5 days to ship,9499,9499,INR,TRUE,,,,out_of_stock,,https://3dzone.in/wp-content/uploads/2022/12/210-9071.png,,"{""tags"":[],""attributes"":{},""categories"":[""Digital Caliper"",""3D Printer hardware"",""Mechanical""]}",,,https://3dzone.in/werka-210-9071-digital-vernier-caliper-200mm-8/,2026-07-08T05:50:33.526Z,2026-07-08T05:50:33.526Z,1ad1b1371864b692
3dzone,3dprint,11985,Jetech &#8211; WIRE STRIPPER 5″ &#8211; WS-5,jetech-8211-wire-stripper-5-8211-ws-5,Wire Stripper and Cutter,,3-5 days to ship,999,999,INR,TRUE,,,,out_of_stock,,https://3dzone.in/wp-content/uploads/2022/12/jet-ws-5.jpg,,"{""tags"":[],""attributes"":{},""categories"":[""Wire Stripper and Cutter"",""3D Printer hardware"",""Mechanical""]}",,,https://3dzone.in/jetech-wire-stripper-5%e2%80%b3-ws-5/,2026-07-08T05:50:33.526Z,2026-07-08T05:50:33.526Z,823e50239fe65e87
3dzone,3dprint,11982,JETECH BC-200 BOLT CUTTERS,jetech-bc-200-bolt-cutters,3D Printer hardware,,3-5 days to ship,2199,2199,INR,TRUE,,,,out_of_stock,,https://3dzone.in/wp-content/uploads/2022/12/bc-200.jpg,,"{""tags"":[],""attributes"":{},""categories"":[""3D Printer hardware"",""Mechanical"",""Wire Stripper and Cutter""]}",,,https://3dzone.in/jetech-bc-200-bolt-cutters/,2026-07-08T05:50:33.526Z,2026-07-08T05:50:33.526Z,ada07ad3c1e83389
3dzone,3dprint,11979,Jetech &#8211; Multifunction Wire Stripper &#8211; FWS-7,jetech-8211-multifunction-wire-stripper-8211-fws-7,3D Printer hardware,,3-5 days to ship,2299,2299,INR,TRUE,,,,out_of_stock,,https://3dzone.in/wp-content/uploads/2022/12/fws-7.jpg,,"{""tags"":[],""attributes"":{},""categories"":[""3D Printer hardware"",""Mechanical"",""Wire Stripper and Cutter""]}",,,https://3dzone.in/jetech-multifunction-wire-stripper-fws-7/,2026-07-08T05:50:33.526Z,2026-07-08T05:50:33.526Z,83b3f99c0bbbd2da
3dzone,3dprint,11976,Jetech &#8211; Diagonal Pliers With Bi-Colored Handle &#8211; DP-6,jetech-8211-diagonal-pliers-with-bi-colored-handle-8211-dp-6,3D Printer hardware,,3-5 days to ship,2599,2599,INR,TRUE,,,,out_of_stock,,https://3dzone.in/wp-content/uploads/2022/12/dp-6_1.jpg,,"{""tags"":[],""attributes"":{},""categories"":[""3D Printer hardware"",""Mechanical"",""Wire Stripper and Cutter""]}",,,https://3dzone.in/jetech-diagonal-pliers-with-bi-colored-handle-dp-6/,2026-07-08T05:50:33.526Z,2026-07-08T05:50:33.526Z,6e5201c0de4c555d
3dzone,3dprint,11970,Jetech &#8211; Diagonal Cutter &#8211; NP-5,jetech-8211-diagonal-cutter-8211-np-5,Wire Stripper and Cutter,,3-5 days to ship,2299,2299,INR,TRUE,,,,out_of_stock,,https://3dzone.in/wp-content/uploads/2022/12/np-5_1.jpg,,"{""tags"":[],""attributes"":{},""categories"":[""Wire Stripper and Cutter"",""3D Printer hardware"",""Mechanical""]}",,,https://3dzone.in/jetech-diagonal-cutter-np-5/,2026-07-08T05:50:33.526Z,2026-07-08T05:50:33.526Z,91623a666c9fc682
3dzone,3dprint,11514,Precision Shim – M5 6x3x0.5mm,precision-shim-m5-6x3x0-5mm,Hardware,,M5 precision Shim . These shims are suitable for use with all our M5 hardware . They are inexpensive enough to use as a washer on any of your projects. These little shims have a 0.75mm wall and so are exceptionally thin and great for precision builds. Specifications: OD: 6mm ID: 3mm Thickness: 0.5mm,0,0,INR,TRUE,,,,out_of_stock,,https://3dzone.in/wp-content/uploads/2022/12/SHIM-PREC-5651-03-NWM.png,,"{""tags"":[],""attributes"":{},""categories"":[""Hardware"",""Mechanical"",""Shim""]}",,,https://3dzone.in/precision-shim-m5-6x3x0-5mm/,2026-07-08T05:50:33.526Z,2026-07-08T05:50:33.526Z,6428baf398f80580
3dzone,3dprint,11510,Precision Shim – M5 6.5x5x1mm,precision-shim-m5-6-5x5x1mm,Shim,,M5 precision Shim . These shims are suitable for use with all our M5 hardware . They are inexpensive enough to use as a washer on any of your projects. These little shims have a 0.75mm wall and so are exceptionally thin and great for precision builds. Specifications: OD: 6.5mm ID: 5mm Thickness: 1mm,0,0,INR,TRUE,,,,out_of_stock,,https://3dzone.in/wp-content/uploads/2022/12/SHIM-PREC-5651-03-NWM.png,,"{""tags"":[],""attributes"":{},""categories"":[""Shim"",""Hardware"",""Mechanical""]}",,,https://3dzone.in/precision-shim-m5-6-5x5x1mm/,2026-07-08T05:50:33.526Z,2026-07-08T05:50:33.526Z,dbb838ae591bcd9c
3dzone,3dprint,11367,GE5C Spherical Bearings,ge5c-spherical-bearings,Hardware,,3-5 days to ship Pack of 10,2299,2299,INR,TRUE,,,,out_of_stock,,https://3dzone.in/wp-content/uploads/2022/11/He74fa76806074c89b3b1208aae7a2614p.jpg_960x960.webp | https://3dzone.in/wp-content/uploads/2022/11/Hec7a6eb2c8a14155b31b7dbfb0b9cafeo.jpg_960x960.webp | https://3dzone.in/wp-content/uploads/2022/11/Hd6f1db2838c74885803a29ba6f5ff88aX.jpg_960x960.webp,|  |,"{""tags"":[],""attributes"":{},""categories"":[""Hardware"",""Bearings"",""Mechanical""]}",,,https://3dzone.in/ge5c-spherical-bearings/,2026-07-08T05:50:33.526Z,2026-07-08T05:50:33.526Z,ba05f678c0794048
3dzone,3dprint,11364,625 2RS Bearing 5*16*5mm,625-2rs-bearing-5-16-5mm,Hardware,,3-5 days to ship Pack of 10,399,399,INR,TRUE,,,,out_of_stock,,https://3dzone.in/wp-content/uploads/2022/11/Hf44c0b3147444a2296833eef4ad3939as.jpg_960x960.webp,,"{""tags"":[],""attributes"":{},""categories"":[""Hardware"",""Bearings"",""Mechanical""]}",,,https://3dzone.in/625-2rs-bearing-5165mm/,2026-07-08T05:50:33.526Z,2026-07-08T05:50:33.526Z,1fd01b80fd45a072
3dzone,3dprint,11362,F695 2RS bearing 5x13x4mm,f695-2rs-bearing-5x13x4mm,Hardware,,3-5 days to ship Pack of 10,1399,1399,INR,TRUE,,,,out_of_stock,,https://3dzone.in/wp-content/uploads/2022/11/H729e218bbf354710b2428a3a8872948af.jpg_960x960.webp,,"{""tags"":[],""attributes"":{},""categories"":[""Hardware"",""Bearings"",""Mechanical""]}",,,https://3dzone.in/f695-2rs-bearing-5x13x4mm/,2026-07-08T05:50:33.526Z,2026-07-08T05:50:33.526Z,855bfe139b40a50c
3dzone,3dprint,11355,F695 bearing 5x13x4mm,f695-bearing-5x13x4mm,Hardware,,"Essential details Type: BALL Structure: Deep Groove Applicable Industries: Building Material Shops, Printing Shops, Farms, Construction works , Garment Shops, Restaurant, Advertising Company, Machinery Repair Shops, Food & Beverage Shops, Food Shop, Retail, Energy & Mining, Manufacturing Plant, Food & Beverage Factory, Hotels, Home Use Bore Size: 5 &#8211; 5.005 Model Number: F695-2RS Precision Rating: P6 Seals Type: 2RS Number of Row: Single row Place of Origin: Jiangsu, China Bearing type: Deep groove ball bearing Application: Machinery Bore size: 5mm Bearing size: 5x13x4mm Bearing material: Chrome steel Precision: P0,P6 Number of rows: Single Bearing weight: 0.0023kgs",0,0,INR,TRUE,,,,out_of_stock,,https://3dzone.in/wp-content/uploads/2022/11/H729e218bbf354710b2428a3a8872948af.jpg_960x960.webp,,"{""tags"":[],""attributes"":{},""categories"":[""Hardware"",""Bearings"",""Mechanical""]}",,,https://3dzone.in/f695-bearing-5x13x4mm/,2026-07-08T05:50:33.526Z,2026-07-08T05:50:33.526Z,49a62973322fa25a
3dzone,3dprint,11351,F623 RS Bearing 3x10x4 mm,f623-rs-bearing-3x10x4-mm,Mechanical,,3-5 days to ship Pack of 10,1999,1999,INR,TRUE,,,,out_of_stock,,https://3dzone.in/wp-content/uploads/2022/11/H0e66ee9f9c7b458b954870d9d7e301063.jpg_960x960.webp,,"{""tags"":[],""attributes"":{},""categories"":[""Mechanical"",""Bearings"",""Hardware""]}",,,https://3dzone.in/f623-rs-bearing-3x10x4-mm/,2026-07-08T05:50:33.526Z,2026-07-08T05:50:33.526Z,46c25e37fda0d039
3dzone,3dprint,11346,MR85 Bearings,mr85-bearings,Hardware,,3-5 days to ship Pack of 10,699,699,INR,TRUE,,,,out_of_stock,,https://3dzone.in/wp-content/uploads/2022/11/MR85ZZ_Web.jpg,,"{""tags"":[],""attributes"":{},""categories"":[""Hardware"",""Bearings"",""Mechanical""]}",,,https://3dzone.in/mr85-bearings/,2026-07-08T05:50:33.526Z,2026-07-08T05:50:33.526Z,973e20756ad5b762
3dzone,3dprint,11333,M4 Knurled Nut,m4-knurled-nut,Fastners,,,0,0,INR,TRUE,,,,out_of_stock,,https://3dzone.in/wp-content/uploads/2022/11/t-nuts-m4-knurled-nut-din-466-b-4stk.png,,"{""tags"":[],""attributes"":{},""categories"":[""Fastners"",""Hardware"",""Mechanical""]}",,,https://3dzone.in/m4-knurled-nut/,2026-07-08T05:50:33.526Z,2026-07-08T05:50:33.526Z,8e4011aec21b1b72
3dzone,3dprint,11331,M5 Hexnut,m5-hexnut,Fastners,,Units: Metric Category: Nuts Subcategory: Hex nuts Material: Steel Plating: Zinc Grade: Class 8.8 Thread direction: Right hand Thread density: Coarse Diameter: 5mm Thread pitch: 0.8mm Width across the flats: 8mm Width across the flats Min: 7.78mm Width across the flats Max: 8.00mm Height: 4mm Height Min: 3.70mm Height Max: 4.00mm,0,0,INR,TRUE,,,,out_of_stock,,https://3dzone.in/wp-content/uploads/2022/11/90591A250p1-b01-digitall@2x_636713274641350000.png,,"{""tags"":[],""attributes"":{},""categories"":[""Fastners"",""Hardware"",""Mechanical""]}",,,https://3dzone.in/m5-hexnut/,2026-07-08T05:50:33.526Z,2026-07-08T05:50:33.526Z,37879749461b10e6
3dzone,3dprint,11328,M3 Hexnut,m3-hexnut,Fastners,,"Material Zinc-Plated Steel Fastener Strength Grade/Class Class 8 Thread Size M3 Pitch 0.5 mm Type Metric Spacing Coarse Fit Class 6H Direction Right Hand Width 5.5 mm Height 2.4 mm Specifications Met DIN 934 Drive Style External Hex Nut Type Hex Hex Nut Profile Standard System of Measurement Metric RoHS RoHS 3 (2015/863/EU) Compliant REACH REACH (EC 1907/2006) (06/10/2022, 224 SVHC) Compliant DFARS Not Specialty Metals Compliant Country of Origin Belgium, France, Germany, India, Indonesia, Italy, Japan, Malaysia, Peoples Republic Of China, Philippines, Poland, South Korea, Switzerland, Taiwan, Thailand, or Vietnam Schedule B 731816.0000 ECCN EAR99",0,0,INR,TRUE,,,,out_of_stock,,https://3dzone.in/wp-content/uploads/2022/11/90591A250p1-b01-digitall@2x_636713274641350000.png,,"{""tags"":[],""attributes"":{},""categories"":[""Fastners"",""Hardware"",""Mechanical""]}",,,https://3dzone.in/m3-hexnut/,2026-07-08T05:50:33.526Z,2026-07-08T05:50:33.526Z,fab6f5cd2403dbe6
3dzone,3dprint,11317,M3 Roll-in T Nut,m3-roll-in-t-nut,Fastners,,T-Nut &#8211; Roll In &#8211; 30 Series &#8211; 8mm Slot Width &#8211; M3 Threads Sold each. To be installed during assembly &#8211; ball spring detent keeps T-nut in desired position. Extrusion Series: 30(mm) Slot Size: 8mm Thread Size: M3x0.5 Material: Steel,0,0,INR,TRUE,,,,out_of_stock,,https://3dzone.in/wp-content/uploads/2022/11/t-nut-roll-in-30-series-8mm-slot-width-m3-threads.webp | https://3dzone.in/wp-content/uploads/2022/11/t-nut-roll-in-30-series-8mm-slot-width-m3-threads-1-1.webp,|,"{""tags"":[],""attributes"":{},""categories"":[""Fastners"",""Hardware"",""Mechanical""]}",,,https://3dzone.in/m3-roll-in-t-nut/,2026-07-08T05:50:33.526Z,2026-07-08T05:50:33.526Z,5a4cd05b4e838b7c
3dzone,3dprint,11314,M3 T Hammer Nuts,m3-t-hammer-nuts,Fastners,,"Material Aluminum, Steel Fastener Type Tee Thread Size M3 Exterior Finish Aluminum,Nickel Plated,Carbon Steel Metal Type Aluminum, Carbon Steel, Nickel",0,0,INR,TRUE,,,,out_of_stock,,https://3dzone.in/wp-content/uploads/2022/11/81YYXZ51xHL._AC_SX466_.jpg,,"{""tags"":[],""attributes"":{},""categories"":[""Fastners"",""Hardware"",""Mechanical""]}",,,https://3dzone.in/m3-t-hammer-nuts/,2026-07-08T05:50:33.526Z,2026-07-08T05:50:33.526Z,d1054b444a7a66dd
3dzone,3dprint,11310,"Metric hex nylon insert lock nuts, Stainless steel 18-8 (A-2), 3mm x 0.5mm",metric-hex-nylon-insert-lock-nuts-stainless-steel-18-8-a-2-3mm-x-0-5mm,Fastners,,3-5 days to ship Pack of 10,99,99,INR,TRUE,,,,out_of_stock,,https://3dzone.in/wp-content/uploads/2022/11/hex-nylock-nut.gif,,"{""tags"":[],""attributes"":{},""categories"":[""Fastners"",""Hardware"",""Mechanical""]}",,,https://3dzone.in/metric-hex-nylon-insert-lock-nuts-stainless-steel-18-8-a-2-3mm-x-0-5mm/,2026-07-08T05:50:33.526Z,2026-07-08T05:50:33.526Z,67087bbab6dbce30
3dzone,3dprint,11307,M2 Hex nut,m2-hex-nut,Mechanical,,3-5 days to ship Packed of 10,499,499,INR,TRUE,,,,out_of_stock,,https://3dzone.in/wp-content/uploads/2022/11/hex-nut.gif,,"{""tags"":[],""attributes"":{},""categories"":[""Mechanical"",""Fastners"",""Hardware""]}",,,https://3dzone.in/m2-hex-nut/,2026-07-08T05:50:33.526Z,2026-07-08T05:50:33.526Z,1341ad41e626284b
3dzone,3dprint,11124,M2 x 10 mm Button Head Cap Screw,m2-x-10-mm-button-head-cap-screw,Fastners,,"Material Zinc-Plated Steel Screw Size M2 Length 10 mm Head, mm Diameter 4 Height 1.6 Drive Size IP6, T6 Drive Style Torx Plus Drill Bit Size No. 51 Drill Bit Decimal Size Equivalent 0.067&#8243; Approximate Thread Pitch 0.79 mm Thread Direction Right Hand Threading Fully Threaded Tapping Method Thread Forming Tapping Screw Type TRS Head Type Rounded Rounded Head Profile Standard Rounded Head Style Pan Tip Type Blunt Shank Cross Section Tri-Lobe System of Measurement Metric For Use In Plastic RoHS RoHS 3 (2015/863/EU) Compliant REACH REACH (EC 1907/2006) (07/08/2021, 219 SVHC) Compliant DFARS Specialty Metals COTS-Exempt Country of Origin United States USMCA Qualifying No Schedule B 731814.0000 ECCN EAR99",0,0,INR,TRUE,,,,out_of_stock,,https://3dzone.in/wp-content/uploads/2022/11/99397A267Polished-Steelnegative_right_positive_front_standard15_1605755021_840@1x_637413302973089070.png,,"{""tags"":[],""attributes"":{},""categories"":[""Fastners"",""Hardware"",""Mechanical""]}",,,https://3dzone.in/m2-x-10-mm-button-head-cap-screw/,2026-07-08T05:50:33.526Z,2026-07-08T05:50:33.526Z,70c8c11eaa498cd1
3dzone,3dprint,11286,M3 X 25mm Socket Head Cap Screw,m3-x-25mm-socket-head-cap-screw,Fastners,,3-5 days to ship Pack of 10,99,99,INR,TRUE,,,,out_of_stock,,https://3dzone.in/wp-content/uploads/2022/11/0014739_m3-x-25mm-socket-head-cap-screw-pack-of-50.png,,"{""tags"":[],""attributes"":{},""categories"":[""Fastners"",""Hardware"",""Mechanical""]}",,,https://3dzone.in/m3-x-25mm-socket-head-cap-screw/,2026-07-08T05:50:33.526Z,2026-07-08T05:50:33.526Z,fbd7794a52673864
3dzone,3dprint,11281,"M3 x 25mm long, Steel Flat Head Socket Cap Screw",m3-x-25mm-long-steel-flat-head-socket-cap-screw,Fastners,,3-5 days to ship Pack of 10,399,399,INR,TRUE,,,,out_of_stock,,https://3dzone.in/wp-content/uploads/2022/11/s-l500-3.jpg,,"{""tags"":[],""attributes"":{},""categories"":[""Fastners"",""Hardware"",""Mechanical""]}",,,https://3dzone.in/m3-x-25mm-long-steel-flat-head-socket-cap-screw/,2026-07-08T05:50:33.526Z,2026-07-08T05:50:33.526Z,bc83084401602667
3dzone,3dprint,11278,"M3 x 30mm long, Steel Flat Head Socket Cap Screw",m3-x-30mm-long-steel-flat-head-socket-cap-screw,Fastners,,3-5 days to ship Pack of 10,399,399,INR,TRUE,,,,out_of_stock,,https://3dzone.in/wp-content/uploads/2022/11/s-l500-3.jpg,,"{""tags"":[],""attributes"":{},""categories"":[""Fastners"",""Hardware"",""Mechanical""]}",,,https://3dzone.in/m3-x-30mm-long-steel-flat-head-socket-cap-screw/,2026-07-08T05:50:33.526Z,2026-07-08T05:50:33.526Z,f9e6f3aa2f5f99df
3dzone,3dprint,11276,"M3 x 40mm long, Steel Flat Head Socket Cap Screw",m3-x-40mm-long-steel-flat-head-socket-cap-screw,Fastners,,Material Alloy Steel Drive System Hex Socket Head Style Flat Item Dimensions LxWxH 1.57 x 0.24 x 1.57 inches Exterior Finish Black Oxide,0,0,INR,TRUE,,,,out_of_stock,,https://3dzone.in/wp-content/uploads/2022/11/s-l500-1.jpg,,"{""tags"":[],""attributes"":{},""categories"":[""Fastners"",""Hardware"",""Mechanical""]}",,,https://3dzone.in/m3-x-40mm-long-steel-flat-head-socket-cap-screw/,2026-07-08T05:50:33.526Z,2026-07-08T05:50:33.526Z,170364a55bb94cdb
3dzone,3dprint,11274,M3 x 30mm Button Head Cap Screw,m3-x-30mm-button-head-cap-screw,Fastners,,3-5 days to ship Pack of 10,199,199,INR,TRUE,,,,out_of_stock,,https://3dzone.in/wp-content/uploads/2022/11/M3X12MM_BHS__09474.jpg,,"{""tags"":[],""attributes"":{},""categories"":[""Fastners"",""Hardware"",""Mechanical""]}",,,https://3dzone.in/m3-x-30mm-button-head-cap-screw/,2026-07-08T05:50:33.526Z,2026-07-08T05:50:33.526Z,ce1206beae34b1e7
3dzone,3dprint,11271,M3 x 40mm Button Head Cap Screw,m3-x-40mm-button-head-cap-screw,Fastners,,M3 X 40MM Button Head Cap Screw,0,0,INR,TRUE,,,,out_of_stock,,https://3dzone.in/wp-content/uploads/2022/11/M3X12MM_BHS__09474.jpg,,"{""tags"":[],""attributes"":{},""categories"":[""Fastners"",""Hardware"",""Mechanical""]}",,,https://3dzone.in/m3-x-40mm-button-head-cap-screw/,2026-07-08T05:50:33.526Z,2026-07-08T05:50:33.526Z,8d4cd3114f7eb707
3dzone,3dprint,7449,BASF Ultrafuse PC/ABS FR 2.85mm 750g,basf-ultrafuse-pc-abs-fr-2-85mm-750g,Ultrafuse PC/ABS FR,,"BASF Ultrafuse PC/ABS FR is a V-0 flame retardant blend of Polycarbonate and Acrylonitrile Butadiene Styrene, two of the most used thermoplastics for engineering & electrical applications.",0,0,INR,TRUE,,,,out_of_stock,,https://3dzone.in/wp-content/uploads/2022/07/Ultrafuse-ABS-Black-160219008666-1.png,basf ultrafuse pc/abs fr,"{""tags"":[],""attributes"":{},""categories"":[""Ultrafuse PC/ABS FR"",""Engineering Filaments"",""Ultrafuse Filaments""]}",,,https://3dzone.in/basf-ultrafuse-pc-abs-fr-2-85mm-750g/,2026-07-08T05:50:33.526Z,2026-07-08T05:50:33.526Z,d6a3b395f0ed0cf3
3dzone,3dprint,11269,M3 x 25mm Button Head Cap Screw,m3-x-25mm-button-head-cap-screw,Fastners,,"Product Details M3 x 25mm Button Head Socket Screws Specification Name Hexagon socket button head screws Material Alloy Steel / High Tensile Thread Metric thread Head shape Button head Drive Type Hexagon socket Grade 10.9 Standard ISO 7380 Surface Finish Black Oxide Color Black Measurement System Metric Pitch Type Fine Pitch Dimension Dia (D) M3 Length See Product Title Thread Dia (Minor Dia) 2.86 Head Dia (max) 5.7 Head Height (max) 1.65 Allen Key Size 2mm Thread Length Full Thread (upto 30mm Length) Surface Finish This product has Black oxide (aka blackening) surface finish, which is a coating applied for mild corrosion resistance and to minimize light reflection. Black oxide treated fasteners can rust in the right environments, so it should be stored properly to avoid rusting. Maintenance Tips High tensile steels are very strong, but they are prone to rust formation, It can be avoided by keeping the component waxed or oiled and stored in proper boxes.",0,0,INR,TRUE,,,,out_of_stock,,https://3dzone.in/wp-content/uploads/2022/11/ButtonHeadSocketCapScrew2__48430.1618520974_f260a8df-dd7f-4376-840e-7160862bffb1_103x75_crop_center.webp,,"{""tags"":[],""attributes"":{},""categories"":[""Fastners"",""Hardware"",""Mechanical""]}",,,https://3dzone.in/m3-x-25mm-button-head-cap-screw/,2026-07-08T05:50:33.526Z,2026-07-08T05:50:33.526Z,42d46ce2e06b4c62
3dzone,3dprint,11267,M3 x 16mm Button Head Cap Screw,m3-x-16mm-button-head-cap-screw,Fastners,,3-5 days to ship Pack of 10,299,299,INR,TRUE,,,,out_of_stock,,https://3dzone.in/wp-content/uploads/2022/11/ButtonHeadSocketCapScrew2__48430.1618520974_f260a8df-dd7f-4376-840e-7160862bffb1_103x75_crop_center.webp,,"{""tags"":[],""attributes"":{},""categories"":[""Fastners"",""Hardware"",""Mechanical""]}",,,https://3dzone.in/m3-x-16mm-button-head-cap-screw/,2026-07-08T05:50:33.526Z,2026-07-08T05:50:33.526Z,dc703dc82663d51a
3dzone,3dprint,11264,M3 x 12mm Button Head Cap Screw,m3-x-12mm-button-head-cap-screw,Fastners,,3-5 days to ship Pack of 10,199,199,INR,TRUE,,,,out_of_stock,,https://3dzone.in/wp-content/uploads/2022/11/ButtonHeadSocketCapScrew2__48430.1618520974_f260a8df-dd7f-4376-840e-7160862bffb1_103x75_crop_center.webp,,"{""tags"":[],""attributes"":{},""categories"":[""Fastners"",""Hardware"",""Mechanical""]}",,,https://3dzone.in/m3-x-12mm-button-head-cap-screw/,2026-07-08T05:50:33.526Z,2026-07-08T05:50:33.526Z,f1d2f2de84300d2e
3dzone,3dprint,11261,M3 x 10mm Button Head Socket Screw,m3-x-10mm-button-head-socket-screw,Fastners,,3-5 days to ship Pack of 10,199,199,INR,TRUE,,,,out_of_stock,,https://3dzone.in/wp-content/uploads/2022/11/s-l500-2-1.jpg,,"{""tags"":[],""attributes"":{},""categories"":[""Fastners"",""Hardware"",""Mechanical""]}",,,https://3dzone.in/m3-x-10mm-button-head-socket-screw/,2026-07-08T05:50:33.526Z,2026-07-08T05:50:33.526Z,1a8fe2f0634d741b
3dzone,3dprint,11258,M2 X 6mm Steel Flat Head Cap Screw,m2-x-6mm-steel-flat-head-cap-screw,Fastners,,What&#8217;s Included: 10x Steel Flat Head Cap Screw M2 X 6mm (Black) Notes: Uses RC4WD 1.5mm Metric Hex Driver Tool RC4WD 1.5mm Replacement Tip,0,0,INR,TRUE,,,,out_of_stock,,https://3dzone.in/wp-content/uploads/2022/11/94367-1.jpg,,"{""tags"":[],""attributes"":{},""categories"":[""Fastners"",""Hardware"",""Mechanical""]}",,,https://3dzone.in/m2-x-6mm-steel-flat-head-cap-screw/,2026-07-08T05:50:33.526Z,2026-07-08T05:50:33.526Z,2a9b696c9ad6cada
3dzone,3dprint,11255,M2 X 6mm Socket Head Cap Screw,m2-x-6mm-socket-head-cap-screw,Fastners,,Specifications: Combined Weight: 0.21oz / 6g What&#8217;s Included: 10x Socket Head Cap Screws M2 X 6mm Notes: Uses RC4WD 1.5mm Metric Hex Driver Tool RC4WD 1.5mm Replacement Tip,0,0,INR,TRUE,,,,out_of_stock,,https://3dzone.in/wp-content/uploads/2022/11/s-l500-2.jpg,,"{""tags"":[],""attributes"":{},""categories"":[""Fastners"",""Hardware"",""Mechanical""]}",,,https://3dzone.in/m2-x-6mm-socket-head-cap-screw/,2026-07-08T05:50:33.526Z,2026-07-08T05:50:33.526Z,c7c95c4e2626a8bd
3dzone,3dprint,11252,M2 X 6mm Button Head Cap Screw,m2-x-6mm-button-head-cap-screw,Fastners,,,0,0,INR,TRUE,,,,out_of_stock,,https://3dzone.in/wp-content/uploads/2022/11/ASS31520-150x150-1.jpg,,"{""tags"":[],""attributes"":{},""categories"":[""Fastners"",""Hardware"",""Mechanical""]}",,,https://3dzone.in/m2-x-6mm-button-head-cap-screw/,2026-07-08T05:50:33.526Z,2026-07-08T05:50:33.526Z,316f90ac4863a857
3dzone,3dprint,11250,MGN7H-Block,mgn7h-block,3D Printer hardware,,Suitable Linear Rail=MGN7H,0,0,INR,TRUE,,,,out_of_stock,,,,"{""tags"":[],""attributes"":{},""categories"":[""3D Printer hardware""]}",,,https://3dzone.in/mgn7h-block/,2026-07-08T05:50:33.526Z,2026-07-08T05:50:33.526Z,1b08bb1e807af9ca
3dzone,3dprint,11234,M3 x 8 mm Flat Head Cap Screw,m3-x-8-mm-flat-head-cap-screw,Fastners,,3-5 days to ship Pack of 10,299,299,INR,TRUE,,,,out_of_stock,,https://3dzone.in/wp-content/uploads/2022/11/flatfullthread-14.gif,,"{""tags"":[],""attributes"":{},""categories"":[""Fastners"",""Hardware"",""Mechanical""]}",,,https://3dzone.in/m3-x-8-mm-flat-head-cap-screw/,2026-07-08T05:50:33.526Z,2026-07-08T05:50:33.526Z,ddbf41fdc856bc7e
3dzone,3dprint,11245,M3 X 8mm Button Head Cap Screw,m3-x-8mm-button-head-cap-screw,Fastners,,3-5 days to ship Pack of 10,199,199,INR,TRUE,,,,out_of_stock,,https://3dzone.in/wp-content/uploads/2022/11/ZBHM10100316.jpg,,"{""tags"":[],""attributes"":{},""categories"":[""Fastners"",""Hardware"",""Mechanical""]}",,,https://3dzone.in/m3-x-8mm-button-head-cap-screw/,2026-07-08T05:50:33.526Z,2026-07-08T05:50:33.526Z,cea621344a2b9165
3dzone,3dprint,11238,MGN9H-Block,mgn9h-block,3D Printer hardware,,Suitable Linear Rail=MGN9H,0,0,INR,TRUE,,,,out_of_stock,,,,"{""tags"":[],""attributes"":{},""categories"":[""3D Printer hardware""]}",,,https://3dzone.in/mgn9h-block/,2026-07-08T05:50:33.526Z,2026-07-08T05:50:33.526Z,48b51eaf9c91848c
3dzone,3dprint,11231,M2.5 x 6mm Button Head Hexagon Socket Drive Screw,m2-5-x-6mm-button-head-hexagon-socket-drive-screw,Fastners,,"Key Features M2.5 Metric Thread Size (2.5mm) 3 Year Extended Warranty. Free Technical Support From Our Engineers. A4 Stainless Steel, also known as marine grade or 316 Stainless Steel. Details. Thread Size: M2.5 (2.5mm)",0,0,INR,TRUE,,,,out_of_stock,,,,"{""tags"":[],""attributes"":{},""categories"":[""Fastners"",""Mechanical""]}",,,https://3dzone.in/m2-5-x-6mm-button-head-hexagon-socket-drive-screw/,2026-07-08T05:50:33.526Z,2026-07-08T05:50:33.526Z,b7df9fa23242f55d
3dzone,3dprint,11229,M3 x 20mm  Flat Head Cap Screw,m3-x-20mm-flat-head-cap-screw,Fastners,,3-5 days to ship Pack of 10,299,299,INR,TRUE,,,,out_of_stock,,https://3dzone.in/wp-content/uploads/2022/11/s-l500-1.jpg,,"{""tags"":[],""attributes"":{},""categories"":[""Fastners"",""Mechanical""]}",,,https://3dzone.in/m3-x-20mm-flat-head-cap-screw/,2026-07-08T05:50:33.526Z,2026-07-08T05:50:33.526Z,7863e0be74072be6
3dzone,3dprint,11195,MGN7H-400mm Linear Guide Rail,mgn7h-400mm-linear-guide-rail,3D Printer hardware,,"MGN7H Linear Guide Rail of 400mm length is a linear rail used to build a 3D printer with 350mm specs and also can be used in CNC machine PCB/IC assembly, etc. This guide rail is to be used with the MGN7H rail block. The rail is used for smooth and precise linear motion and it is fit for Semiconductor manufacturing equipment, printed circuit board IC assembly equipment, medical equipment. Also used in machine arm, precision measuring instruments, office automation equipment, and other small linear sliding devices. 3-5 days to ship",7499,7499,INR,TRUE,,,,out_of_stock,,https://3dzone.in/wp-content/uploads/2022/11/mgn7h.jpg,,"{""tags"":[],""attributes"":{},""categories"":[""3D Printer hardware""]}",,,https://3dzone.in/mgn7h-400mm-linear-guide-rail/,2026-07-08T05:50:33.526Z,2026-07-08T05:50:33.526Z,62ae4a7e2efdade9
3dzone,3dprint,11193,MGN7H-350mm Linear Guide Rail,mgn7h-350mm-linear-guide-rail,3D Printer hardware,,"MGN7H Linear Guide Rail of 350mm length is a linear rail used to build a 3D printer with 300mm specs and also can be used in CNC machine PCB/IC assembly, etc. This guide rail is to be used with the MGN7H rail block. The rail is used for smooth and precise linear motion and it is fit for Semiconductor manufacturing equipment, printed circuit board IC assembly equipment, medical equipment. Also used in machine arm, precision measuring instruments, office automation equipment, and other small linear sliding devices.",0,0,INR,TRUE,,,,out_of_stock,,https://3dzone.in/wp-content/uploads/2022/11/mgn7h.jpg,,"{""tags"":[],""attributes"":{},""categories"":[""3D Printer hardware""]}",,,https://3dzone.in/mgn7h-350mm-linear-guide-rail/,2026-07-08T05:50:33.526Z,2026-07-08T05:50:33.526Z,17e6517e5a9de19d
3dzone,3dprint,11190,MGN7H-300mm Linear Guide Rail,mgn7h-300mm-linear-guide-rail,3D Printer hardware,,"MGN7H Linear Guide Rail of 300mm length is a linear rail used to build a 3D printer with 250mm specs and also can be used in CNC machine PCB/IC assembly, etc. This guide rail is to be used with the MGN7H rail block. The rail is used for smooth and precise linear motion and it is fit for Semiconductor manufacturing equipment, printed circuit board IC assembly equipment, medical equipment. Also used in machine arm, precision measuring instruments, office automation equipment, and other small linear sliding devices.",0,0,INR,TRUE,,,,out_of_stock,,https://3dzone.in/wp-content/uploads/2022/11/mgn7h.jpg,,"{""tags"":[],""attributes"":{},""categories"":[""3D Printer hardware""]}",,,https://3dzone.in/mgn7h-300mm-linear-guide-rail/,2026-07-08T05:50:33.526Z,2026-07-08T05:50:33.526Z,58f05c9772f97efe
3dzone,3dprint,11187,M4 x 6 mm Button Head Hex Drive Screw,m4-x-6-mm-button-head-hex-drive-screw,Fastners,,3-5 days to ship Pack of 10,199,199,INR,TRUE,,,,out_of_stock,,https://3dzone.in/wp-content/uploads/2022/11/91239A138p1-b01-digitall@1x_636954469681089716.png,,"{""tags"":[],""attributes"":{},""categories"":[""Fastners"",""Mechanical""]}",,,https://3dzone.in/m4-x-6-mm-button-head-hex-drive-screw/,2026-07-08T05:50:33.526Z,2026-07-08T05:50:33.526Z,21419ab63327bf7b
3dzone,3dprint,11184,M5 x 10 mm Button Head Hex Drive Screw,m5-x-10-mm-button-head-hex-drive-screw,Fastners,,,0,0,INR,TRUE,,,,out_of_stock,,https://3dzone.in/wp-content/uploads/2022/11/91239A224p1-b01-digitall@2x_636954466884086024.png,,"{""tags"":[],""attributes"":{},""categories"":[""Fastners"",""Mechanical""]}",,,https://3dzone.in/m5-x-10-mm-button-head-hex-drive-screw/,2026-07-08T05:50:33.526Z,2026-07-08T05:50:33.526Z,2d1c3887a483d833
3dzone,3dprint,11181,M5 x 16 mm Button Head Hex Drive Screw,m5-x-16-mm-button-head-hex-drive-screw,Fastners,,3-5 days to ship Pack of 10,199,199,INR,TRUE,,,,out_of_stock,,https://3dzone.in/wp-content/uploads/2022/11/91239A232p1-b01-digitall@2x_636954467263637690.png,,"{""tags"":[],""attributes"":{},""categories"":[""Fastners"",""Mechanical""]}",,,https://3dzone.in/m5-x-16-mm-button-head-hex-drive-screw/,2026-07-08T05:50:33.526Z,2026-07-08T05:50:33.526Z,9471009eda918974
3dzone,3dprint,11176,M5 x 30 mm Button Head Hex Drive Screw,m5-x-30-mm-button-head-hex-drive-screw,Fastners,,3-5 days to ship Pack of 10,299,299,INR,TRUE,,,,out_of_stock,,https://3dzone.in/wp-content/uploads/2022/11/91239A236p1-b01-digitall@2x_636954464167727369.png,,"{""tags"":[],""attributes"":{},""categories"":[""Fastners"",""Mechanical""]}",,,https://3dzone.in/m5-x-30-mm-button-head-hex-drive-screw/,2026-07-08T05:50:33.526Z,2026-07-08T05:50:33.526Z,7323eae5b3679a75
3dzone,3dprint,11169,M5 x 40 mm Socket Head Cap Screw,m5-x-40-mm-socket-head-cap-screw,Fastners,,3-5 days to ship Pack of 10,199,199,INR,TRUE,,,,out_of_stock,,https://3dzone.in/wp-content/uploads/2022/11/91290a196-@1x_637653308346646302.png,,"{""tags"":[],""attributes"":{},""categories"":[""Fastners"",""Mechanical""]}",,,https://3dzone.in/m5-x-40-mm-socket-head-cap-screw/,2026-07-08T05:50:33.526Z,2026-07-08T05:50:33.526Z,16aeef5fa85b2d8f
3dzone,3dprint,11174,MGN12H-400mm Linear Guide Rail,mgn12h-400mm-linear-guide-rail,3D Printer hardware,,"MGN12H Linear Guide Rail of 400mm length is a linear rail used to build a 3D printer with 350mm specs and also can be used in CNC machine PCB/IC assembly, etc. This guide rail is to be used with the MGN12H rail block. The rail is used for smooth and precise linear motion and it is fit for Semiconductor manufacturing equipment, printed circuit board IC assembly equipment, medical equipment. Also used in machine arm, precision measuring instruments, office automation equipment, and other small linear sliding devices. 3-5 days to ship",8399,8399,INR,TRUE,,,,out_of_stock,,https://3dzone.in/wp-content/uploads/2022/11/MGN-12.jpg,,"{""tags"":[],""attributes"":{},""categories"":[""3D Printer hardware""]}",,,https://3dzone.in/mgn12h-400mm-linear-guide-rail/,2026-07-08T05:50:33.526Z,2026-07-08T05:50:33.526Z,39dafd7283051307
3dzone,3dprint,11170,MGN12H-350mm Linear Guide Rail,mgn12h-350mm-linear-guide-rail,3D Printer hardware,,"MGN12H Linear Guide Rail of 350mm length is a linear rail used to build a 3D printer with 300mm specs and also can be used in CNC machine PCB/IC assembly, etc. This guide rail is to be used with the MGN12H rail block. The rail is used for smooth and precise linear motion and it is fit for Semiconductor manufacturing equipment, printed circuit board IC assembly equipment, medical equipment. Also used in machine arm, precision measuring instruments, office automation equipment, and other small linear sliding devices. 3-5 days to ship",7299,7299,INR,TRUE,,,,out_of_stock,,https://3dzone.in/wp-content/uploads/2022/11/MGN-12.jpg,,"{""tags"":[],""attributes"":{},""categories"":[""3D Printer hardware""]}",,,https://3dzone.in/mgn12h-350mm-linear-guide-rail/,2026-07-08T05:50:33.526Z,2026-07-08T05:50:33.526Z,005e791ce69004d9
3dzone,3dprint,11166,MGN12H-300mm Linear Guide Rail,mgn12h-300mm-linear-guide-rail,3D Printer hardware,,"MGN12H Linear Guide Rail of 300mm length is a linear rail used to build a 3D printer with 250mm specs and also can be used in CNC machine PCB/IC assembly, etc. This guide rail is to be used with the MGN12H rail block. The rail is used for smooth and precise linear motion and it is fit for Semiconductor manufacturing equipment, printed circuit board IC assembly equipment, medical equipment. Also used in machine arm, precision measuring instruments, office automation equipment, and other small linear sliding devices. 3-5 days to ship",2699,2699,INR,TRUE,,,,out_of_stock,,https://3dzone.in/wp-content/uploads/2022/11/MGN-12.jpg,,"{""tags"":[],""attributes"":{},""categories"":[""3D Printer hardware""]}",,,https://3dzone.in/mgn12h-300mm-linear-guide-rail/,2026-07-08T05:50:33.526Z,2026-07-08T05:50:33.526Z,bc29560f4912790b
3dzone,3dprint,11107,M3 x 6 mm Socket Head Cap Screw,m3-x-6-mm-socket-head-cap-screw,Fastners,,3-5 days to ship Pack of 10,99,99,INR,TRUE,,,,out_of_stock,,,,"{""tags"":[],""attributes"":{},""categories"":[""Fastners"",""Mechanical""]}",,,https://3dzone.in/m3-x-6-mm-socket-head-cap-screw/,2026-07-08T05:50:33.526Z,2026-07-08T05:50:33.526Z,8ed485f65a5a17fc
3dzone,3dprint,11146,MGN9H-400mm Linear Guide Rail,mgn9h-400mm-linear-guide-rail,3D Printer hardware,,"MGN9H Linear Guide Rail of 400mm length is a linear rail used to build a 3D printer with 350mm specs and also can be used in CNC machine PCB/IC assembly, etc. This guide rail is to be used with the MGN9H rail block. The rail is used for smooth and precise linear motion and it is fit for Semiconductor manufacturing equipment, printed circuit board IC assembly equipment, medical equipment. Also used in machine arm, precision measuring instruments, office automation equipment, and other small linear sliding devices. 3-5 days to ship",7499,7499,INR,TRUE,,,,out_of_stock,,https://3dzone.in/wp-content/uploads/2022/11/mgn9h-guide-rail.jpg,,"{""tags"":[],""attributes"":{},""categories"":[""3D Printer hardware""]}",,,https://3dzone.in/mgn9h-400mm-linear-guide-rail/,2026-07-08T05:50:33.526Z,2026-07-08T05:50:33.526Z,92ebd9ae6f0a1a83
3dzone,3dprint,11143,MGN9H-350mm Linear Guide Rail,mgn9h-350mm-linear-guide-rail,3D Printer hardware,,"MGN9H Linear Guide Rail of 350mm length is a linear rail used to build a 3D printer with 300mm specs and also can be used in CNC machine PCB/IC assembly, etc. This guide rail is to be used with the MGN9H rail block. The rail is used for smooth and precise linear motion and it is fit for Semiconductor manufacturing equipment, printed circuit board IC assembly equipment, medical equipment. Also used in machine arm, precision measuring instruments, office automation equipment, and other small linear sliding devices. 3-5 days to ship",6599,6599,INR,TRUE,,,,out_of_stock,,https://3dzone.in/wp-content/uploads/2022/11/mgn9h-guide-rail.jpg,,"{""tags"":[],""attributes"":{},""categories"":[""3D Printer hardware""]}",,,https://3dzone.in/mgn9h-350mm-linear-guide-rail/,2026-07-08T05:50:33.526Z,2026-07-08T05:50:33.526Z,b23c3fad3be14209
3dzone,3dprint,11119,MGN9H-300mm Linear Guide Rail,mgn9h-300mm-linear-guide-rail,3D Printer hardware,,"MGN9H Linear Guide Rail of 300mm length is a linear rail used to build a 3D printer with 250mm specs and also can be used in CNC machine PCB/IC assembly, etc. This guide rail is to be used with the MGN9H rail block. The rail is used for smooth and precise linear motion and it is fit for Semiconductor manufacturing equipment, printed circuit board IC assembly equipment, medical equipment. Also used in machine arm, precision measuring instruments, office automation equipment, and other small linear sliding devices. 3-5 days to ship",5599,5599,INR,TRUE,,,,out_of_stock,,https://3dzone.in/wp-content/uploads/2022/11/mgn9h-guide-rail.jpg,,"{""tags"":[],""attributes"":{},""categories"":[""3D Printer hardware""]}",,,https://3dzone.in/mgn9h-300mm-linear-guide-rail/,2026-07-08T05:50:33.526Z,2026-07-08T05:50:33.526Z,5f05d26008c7decb
3dzone,3dprint,11157,M3 x 40 mm Socket Head Cap Screw,m3-x-40-mm-socket-head-cap-screw,Fastners,,3-5 days to ship Pack of 10,199,199,INR,TRUE,,,,out_of_stock,,https://3dzone.in/wp-content/uploads/2022/11/91290a136-@1x_637653310152998921.png,,"{""tags"":[],""attributes"":{},""categories"":[""Fastners"",""Mechanical""]}",,,https://3dzone.in/m3-x-40-mm-socket-head-cap-screw/,2026-07-08T05:50:33.526Z,2026-07-08T05:50:33.526Z,5adec0bb6c2a200b
3dzone,3dprint,11141,M3 x 30 mm Socket Head Cap Screw,m3-x-30-mm-socket-head-cap-screw,Fastners,,3-5 days to ship Pack of 10,199,199,INR,TRUE,,,,out_of_stock,,https://3dzone.in/wp-content/uploads/2022/11/90044a123-@1x_637644589791018819.png,,"{""tags"":[],""attributes"":{},""categories"":[""Fastners"",""Mechanical""]}",,,https://3dzone.in/m3-x-30-mm-socket-head-cap-screw/,2026-07-08T05:50:33.526Z,2026-07-08T05:50:33.526Z,cfb2003991385eb6
3dzone,3dprint,11102,M3 x 6 mm Flat Head Cap Screw,m3-x-6-mm-flat-head-cap-screw,3D Printer hardware,,3-5 days to ship Pack of 10,299,299,INR,TRUE,,,,out_of_stock,,https://3dzone.in/wp-content/uploads/2022/11/91294A126_a61aa914-5e4d-4fd3-88bf-8753d725c921@2x_637977128550498537.png,M3*6mm,"{""tags"":[],""attributes"":{},""categories"":[""3D Printer hardware"",""Fastners"",""Hardware"",""Mechanical""]}",,,https://3dzone.in/m3-x-6-mm-flat-head-cap-screw/,2026-07-08T05:50:33.526Z,2026-07-08T05:50:33.526Z,9c75d529ede6cfec
3dzone,3dprint,11135,M3 x 20 mm Socket Head Cap Screw,m3-x-20-mm-socket-head-cap-screw,3D Printer hardware,,3-5 days to ship Pack of 10,99,99,INR,TRUE,,,,out_of_stock,,https://3dzone.in/wp-content/uploads/2022/11/91290a123_81d64f5d-b4e6-48cf-b1d2-f60d955d98c1@2x_637871735141379997.png,,"{""tags"":[],""attributes"":{},""categories"":[""3D Printer hardware"",""Fastners"",""Hardware"",""Mechanical""]}",,,https://3dzone.in/m3-x-20-mm-socket-head-cap-screw/,2026-07-08T05:50:33.526Z,2026-07-08T05:50:33.526Z,1e6057530fa83b0a
3dzone,3dprint,11128,M3 x 8 mm Socket Head Cap Screw,m3-x-8-mm-socket-head-cap-screw,Fastners,,3-5 days to ship Pack of 10,99,99,INR,TRUE,,,,out_of_stock,,https://3dzone.in/wp-content/uploads/2022/11/91290a113_eba8af03-aa0d-4e56-aa06-b96fc52a9f14@2x_637871731665826063.png,,"{""tags"":[],""attributes"":{},""categories"":[""Fastners"",""Mechanical""]}",,,https://3dzone.in/m3-x-8-mm-socket-head-cap-screw/,2026-07-08T05:50:33.526Z,2026-07-08T05:50:33.526Z,7099781c747202a4
3dzone,3dprint,11115,M3 x 12 mm Flat Head Cap Screw,m3-x-12-mm-flat-head-cap-screw,Fastners,,3-5 days to ship Pack of 10,299,299,INR,TRUE,,,,out_of_stock,,https://3dzone.in/wp-content/uploads/2022/11/92125A132_113f00a4-fa1e-4687-a14f-f6371627b93f@2x_637976652410917670.png,,"{""tags"":[],""attributes"":{},""categories"":[""Fastners"",""Mechanical""]}",,,https://3dzone.in/m3-x-12-mm-flat-head-cap-screw/,2026-07-08T05:50:33.526Z,2026-07-08T05:50:33.526Z,85ec8e20d7fe5555
3dzone,3dprint,11076,Polymaker PolyLite Glow PLA Filament 1.75mm 1KG,polymaker-polylite-glow-pla-filament-1-75mm-1kg,Polylite PLA,,Polymaker PolyLite Glow PLA is a high-quality PLA designed for reliability and ease of printing.,2799,2799,INR,TRUE,,,,out_of_stock,,https://3dzone.in/wp-content/uploads/2022/05/glow-green-20967824883769.jpg | https://3dzone.in/wp-content/uploads/2022/05/PolyLite_PLA_-Glow_Green_175_Spool_Picture_Special-scaled.jpg | https://3dzone.in/wp-content/uploads/2022/05/PolyLite_PLA_-Glow_Green_175_Spool_Picture_Side-scaled.jpg | https://3dzone.in/wp-content/uploads/2022/05/PolyLite_PLA_-Glow_Green_175_Spool_Picture_Laid-scaled.jpg | https://3dzone.in/wp-content/uploads/2022/05/PolyLite_PLA_-Glow_Green_175_Spool_Picture_Front-scaled.jpg | https://3dzone.in/wp-content/uploads/2022/05/PolyLite_PLA_-Glow_Green_175_Spool_Picture_Asymmetric-scaled-e1669272867651.jpg,Polymaker PolyLite Glow PLA |  |  |  |  | PolyLite_PLA_Glow,"{""tags"":[],""attributes"":{""Brand"":[""Polymaker""],""Color"":[""Black"",""Blue"",""Galaxy black"",""Galaxy Dark Blue"",""Galaxy Dark Red"",""Glow in the dark green"",""Green"",""Grey"",""Natural"",""Orange"",""Polymaker Teal"",""Purple"",""Red"",""Silk Blue"",""Silk Bronze"",""Silk gold"",""Silk Lime"",""Silk Magenta"",""Silk silver"",""White"",""Yellow""]},""categories"":[""Polylite PLA"",""Filaments"",""PLA"",""PolyLite Glow PLA""]}",,,https://3dzone.in/polymaker-polylite-glow-pla-filament-1-75mm-1kg/,2026-07-08T05:50:33.526Z,2026-07-08T05:50:33.526Z,7f0fa39da9d3efc2
3dzone,3dprint,10836,Polymaker PolyLite Galaxy PLA Filament 1.75mm 1KG,polymaker-polylite-galaxy-pla-filament-1-75mm-1kg,Polylite PLA,,Polymaker PolyLite PLA is a high-quality PLA designed for reliability and ease of printing.,2799,2799,INR,TRUE,,,,active,,https://3dzone.in/wp-content/uploads/2022/05/galaxy-dark-blue-20967693385785.png,Polymaker PolyLite Galaxy PLA dark-blue,"{""tags"":[""Christmas-sale""],""attributes"":{""Brand"":[""Polymaker""],""Color"":[""Galaxy black"",""Galaxy Dark Blue"",""Galaxy Dark Red""]},""categories"":[""Polylite PLA"",""Filaments"",""PLA"",""PolyLite galaxy PLA""]}",,,https://3dzone.in/polymaker-polylite-galaxy-pla-filament-1-75mm-1kg/,2026-07-08T05:50:33.526Z,2026-07-08T05:50:33.526Z,991d7240974198aa
3dzone,3dprint,10809,Polymaker PolyLite Silk PLA Filament 1.75mm 1KG,polymaker-polylite-silk-pla-filament-1-75mm-1kg,Polylite PLA,,Polymaker PolyLite Silk PLA is a high-quality PLA designed for reliability and ease of printing.,2399,2399,INR,TRUE,,,,active,,https://3dzone.in/wp-content/uploads/2022/05/silk-lime-20967681163321.png,Polymaker PolyLite Silk PLA Lime,"{""tags"":[""Christmas-sale""],""attributes"":{""Brand"":[""Polymaker""],""Color"":[""Silk Blue"",""Silk Bronze"",""Silk gold"",""Silk Lime"",""Silk Magenta"",""Silk silver""]},""categories"":[""Polylite PLA"",""Filaments"",""PLA"",""PolyLite Silk PLA""]}",,,https://3dzone.in/polymaker-polylite-silk-pla-filament-1-75mm-1kg/,2026-07-08T05:5,,
